{
  "project_info": {
    "project_number": "137532356944",
    "project_id": "firebase-splitpay"
  },
  "client": [
    {
      "client_info": {
        "mobilesdk_app_id": "1:137532356944:android:3952adcbf9958be7",
        "android_client_info": {
          "package_name": "com.example.hi_325.splitpay"
        }
      },
      "oauth_client": [
        {
          "client_id": "137532356944-et9cbuff06jg87b56159vvfb28sojjc5.apps.googleusercontent.com",
          "client_type": 1,
          "android_info": {
            "package_name": "com.example.hi_325.splitpay",
            "certificate_hash": "4678ba978d49b713fca6ccc95090a1fd4db0593e"
          }
        },
        {
          "client_id": "137532356944-vt94bc46gg4pj87r5pqfs8fs7qff4k95.apps.googleusercontent.com",
          "client_type": 3
        }
      ],
      "api_key": [
        {
          "current_key": "AIzaSyCygtWRqUu87yR7yyyTzNEyEo9Bhy5qKmM"
        }
      ],
      "services": {
        "analytics_service": {
          "status": 1
        },
        "appinvite_service": {
          "status": 1,
          "other_platform_oauth_client": []
        },
        "ads_service": {
          "status": 1
        }
      }
    }
  ],
  "configuration_version": "1"
}